2022학년도 일촌장학재단 장학생 선발,No.1726,학생지원팀,2022-05-17,조회수593
2022학년도 일촌장학재단 장학생 선발,No.1725,학생지원팀,2022-05-12,조회수1576
2022학년도 일촌장학재단 장학생 선발,No.1724,학생지원팀,2022-05-12,조회수1166
2022학년도 일촌장학재단 장학생 선발,No.1723,학생지원팀,2022-05-09,조회수679
2022학년도 일촌장학재단 장학생 선발,No.1722,학생지원팀,2022-05-09,조회수818
2022학년도 일촌장학재단 장학생 선발,No.1721,학생지원팀,2022-04-29,조회수2754
2022학년도 일촌장학재단 장학생 선발,No.1720,학생지원팀,2022-04-27,조회수2884
2022학년도 일촌장학재단 장학생 선발,No.1719,학생지원팀,2022-04-27,조회수753
2022학년도 일촌장학재단 장학생 선발,No.1718,이주헌,2022-04-22,조회수4279
2022학년도 일촌장학재단 장학생 선발,No.1717,학생지원팀,2022-04-18,조회수1528
2022년 안함사 장학생 제3기 모집 공고,No.1726,학생지원팀,2022-05-17,조회수593
2022년 안함사 장학생 제3기 모집 공고,No.1725,학생지원팀,2022-05-12,조회수1576
2022년 안함사 장학생 제3기 모집 공고,No.1724,학생지원팀,2022-05-12,조회수1166
2022년 안함사 장학생 제3기 모집 공고,No.1723,학생지원팀,2022-05-09,조회수679
2022년 안함사 장학생 제3기 모집 공고,No.1722,학생지원팀,2022-05-09,조회수818
2022년 안함사 장학생 제3기 모집 공고,No.1721,학생지원팀,2022-04-29,조회수2754
2022년 안함사 장학생 제3기 모집 공고,No.1720,학생지원팀,2022-04-27,조회수2884
2022년 안함사 장학생 제3기 모집 공고,No.1719,학생지원팀,2022-04-27,조회수753
2022년 안함사 장학생 제3기 모집 공고,No.1718,이주헌,2022-04-22,조회수4279
2022년 안함사 장학생 제3기 모집 공고,No.1717,학생지원팀,2022-04-18,조회수1528
「현대차 정몽구 스칼러십」2022 온드림 사회통합 장학생 선발,No.1726,학생지원팀,2022-05-17,조회수593
「현대차 정몽구 스칼러십」2022 온드림 사회통합 장학생 선발,No.1725,학생지원팀,2022-05-12,조회수1576
「현대차 정몽구 스칼러십」2022 온드림 사회통합 장학생 선발,No.1724,학생지원팀,2022-05-12,조회수1166
「현대차 정몽구 스칼러십」2022 온드림 사회통합 장학생 선발,No.1723,학생지원팀,2022-05-09,조회수679
「현대차 정몽구 스칼러십」2022 온드림 사회통합 장학생 선발,No.1722,학생지원팀,2022-05-09,조회수818
「현대차 정몽구 스칼러십」2022 온드림 사회통합 장학생 선발,No.1721,학생지원팀,2022-04-29,조회수2754
「현대차 정몽구 스칼러십」2022 온드림 사회통합 장학생 선발,No.1720,학생지원팀,2022-04-27,조회수2884
「현대차 정몽구 스칼러십」2022 온드림 사회통합 장학생 선발,No.1719,학생지원팀,2022-04-27,조회수753
「현대차 정몽구 스칼러십」2022 온드림 사회통합 장학생 선발,No.1718,이주헌,2022-04-22,조회수4279
「현대차 정몽구 스칼러십」2022 온드림 사회통합 장학생 선발,No.1717,학생지원팀,2022-04-18,조회수1528
2022학년도 몽당연필 장학생(재일동포 유학생) 모집 공고,No.1726,학생지원팀,2022-05-17,조회수593
2022학년도 몽당연필 장학생(재일동포 유학생) 모집 공고,No.1725,학생지원팀,2022-05-12,조회수1576
2022학년도 몽당연필 장학생(재일동포 유학생) 모집 공고,No.1724,학생지원팀,2022-05-12,조회수1166
2022학년도 몽당연필 장학생(재일동포 유학생) 모집 공고,No.1723,학생지원팀,2022-05-09,조회수679
2022학년도 몽당연필 장학생(재일동포 유학생) 모집 공고,No.1722,학생지원팀,2022-05-09,조회수818
2022학년도 몽당연필 장학생(재일동포 유학생) 모집 공고,No.1721,학생지원팀,2022-04-29,조회수2754
2022학년도 몽당연필 장학생(재일동포 유학생) 모집 공고,No.1720,학생지원팀,2022-04-27,조회수2884
2022학년도 몽당연필 장학생(재일동포 유학생) 모집 공고,No.1719,학생지원팀,2022-04-27,조회수753
2022학년도 몽당연필 장학생(재일동포 유학생) 모집 공고,No.1718,이주헌,2022-04-22,조회수4279
2022학년도 몽당연필 장학생(재일동포 유학생) 모집 공고,No.1717,학생지원팀,2022-04-18,조회수1528
2022학년도 상반기 신안군장학재단 장학생 선발 안내,No.1726,학생지원팀,2022-05-17,조회수593
2022학년도 상반기 신안군장학재단 장학생 선발 안내,No.1725,학생지원팀,2022-05-12,조회수1576
2022학년도 상반기 신안군장학재단 장학생 선발 안내,No.1724,학생지원팀,2022-05-12,조회수1166
2022학년도 상반기 신안군장학재단 장학생 선발 안내,No.1723,학생지원팀,2022-05-09,조회수679
2022학년도 상반기 신안군장학재단 장학생 선발 안내,No.1722,학생지원팀,2022-05-09,조회수818
2022학년도 상반기 신안군장학재단 장학생 선발 안내,No.1721,학생지원팀,2022-04-29,조회수2754
2022학년도 상반기 신안군장학재단 장학생 선발 안내,No.1720,학생지원팀,2022-04-27,조회수2884
2022학년도 상반기 신안군장학재단 장학생 선발 안내,No.1719,학생지원팀,2022-04-27,조회수753
2022학년도 상반기 신안군장학재단 장학생 선발 안내,No.1718,이주헌,2022-04-22,조회수4279
2022학년도 상반기 신안군장학재단 장학생 선발 안내,No.1717,학생지원팀,2022-04-18,조회수1528
[강원랜드 멘토링 장학] 2022 신규 장학생 모집,No.1726,학생지원팀,2022-05-17,조회수593
[강원랜드 멘토링 장학] 2022 신규 장학생 모집,No.1725,학생지원팀,2022-05-12,조회수1576
[강원랜드 멘토링 장학] 2022 신규 장학생 모집,No.1724,학생지원팀,2022-05-12,조회수1166
[강원랜드 멘토링 장학] 2022 신규 장학생 모집,No.1723,학생지원팀,2022-05-09,조회수679
[강원랜드 멘토링 장학] 2022 신규 장학생 모집,No.1722,학생지원팀,2022-05-09,조회수818
[강원랜드 멘토링 장학] 2022 신규 장학생 모집,No.1721,학생지원팀,2022-04-29,조회수2754
[강원랜드 멘토링 장학] 2022 신규 장학생 모집,No.1720,학생지원팀,2022-04-27,조회수2884
[강원랜드 멘토링 장학] 2022 신규 장학생 모집,No.1719,학생지원팀,2022-04-27,조회수753
[강원랜드 멘토링 장학] 2022 신규 장학생 모집,No.1718,이주헌,2022-04-22,조회수4279
[강원랜드 멘토링 장학] 2022 신규 장학생 모집,No.1717,학생지원팀,2022-04-18,조회수1528
2022년 근로·자녀장려금 신청 안내,No.1726,학생지원팀,2022-05-17,조회수593
2022년 근로·자녀장려금 신청 안내,No.1725,학생지원팀,2022-05-12,조회수1576
2022년 근로·자녀장려금 신청 안내,No.1724,학생지원팀,2022-05-12,조회수1166
2022년 근로·자녀장려금 신청 안내,No.1723,학생지원팀,2022-05-09,조회수679
2022년 근로·자녀장려금 신청 안내,No.1722,학생지원팀,2022-05-09,조회수818
2022년 근로·자녀장려금 신청 안내,No.1721,학생지원팀,2022-04-29,조회수2754
2022년 근로·자녀장려금 신청 안내,No.1720,학생지원팀,2022-04-27,조회수2884
2022년 근로·자녀장려금 신청 안내,No.1719,학생지원팀,2022-04-27,조회수753
2022년 근로·자녀장려금 신청 안내,No.1718,이주헌,2022-04-22,조회수4279
2022년 근로·자녀장려금 신청 안내,No.1717,학생지원팀,2022-04-18,조회수1528
2022학년도 독립유공자 후손 장학금 장학생 선발 안내,No.1726,학생지원팀,2022-05-17,조회수593
2022학년도 독립유공자 후손 장학금 장학생 선발 안내,No.1725,학생지원팀,2022-05-12,조회수1576
2022학년도 독립유공자 후손 장학금 장학생 선발 안내,No.1724,학생지원팀,2022-05-12,조회수1166
2022학년도 독립유공자 후손 장학금 장학생 선발 안내,No.1723,학생지원팀,2022-05-09,조회수679
2022학년도 독립유공자 후손 장학금 장학생 선발 안내,No.1722,학생지원팀,2022-05-09,조회수818
2022학년도 독립유공자 후손 장학금 장학생 선발 안내,No.1721,학생지원팀,2022-04-29,조회수2754
2022학년도 독립유공자 후손 장학금 장학생 선발 안내,No.1720,학생지원팀,2022-04-27,조회수2884
2022학년도 독립유공자 후손 장학금 장학생 선발 안내,No.1719,학생지원팀,2022-04-27,조회수753
2022학년도 독립유공자 후손 장학금 장학생 선발 안내,No.1718,이주헌,2022-04-22,조회수4279
2022학년도 독립유공자 후손 장학금 장학생 선발 안내,No.1717,학생지원팀,2022-04-18,조회수1528
2022학년도 1학기 푸른등대 삼성기부장학금 신규장학생 신청 안내,No.1726,학생지원팀,2022-05-17,조회수593
2022학년도 1학기 푸른등대 삼성기부장학금 신규장학생 신청 안내,No.1725,학생지원팀,2022-05-12,조회수1576
2022학년도 1학기 푸른등대 삼성기부장학금 신규장학생 신청 안내,No.1724,학생지원팀,2022-05-12,조회수1166
2022학년도 1학기 푸른등대 삼성기부장학금 신규장학생 신청 안내,No.1723,학생지원팀,2022-05-09,조회수679
2022학년도 1학기 푸른등대 삼성기부장학금 신규장학생 신청 안내,No.1722,학생지원팀,2022-05-09,조회수818
2022학년도 1학기 푸른등대 삼성기부장학금 신규장학생 신청 안내,No.1721,학생지원팀,2022-04-29,조회수2754
2022학년도 1학기 푸른등대 삼성기부장학금 신규장학생 신청 안내,No.1720,학생지원팀,2022-04-27,조회수2884
2022학년도 1학기 푸른등대 삼성기부장학금 신규장학생 신청 안내,No.1719,학생지원팀,2022-04-27,조회수753
2022학년도 1학기 푸른등대 삼성기부장학금 신규장학생 신청 안내,No.1718,이주헌,2022-04-22,조회수4279
2022학년도 1학기 푸른등대 삼성기부장학금 신규장학생 신청 안내,No.1717,학생지원팀,2022-04-18,조회수1528
2022학년도 농협재단 미래 농업 인재 장학생 선발(대학원),No.1726,학생지원팀,2022-05-17,조회수593
2022학년도 농협재단 미래 농업 인재 장학생 선발(대학원),No.1725,학생지원팀,2022-05-12,조회수1576
2022학년도 농협재단 미래 농업 인재 장학생 선발(대학원),No.1724,학생지원팀,2022-05-12,조회수1166
2022학년도 농협재단 미래 농업 인재 장학생 선발(대학원),No.1723,학생지원팀,2022-05-09,조회수679
2022학년도 농협재단 미래 농업 인재 장학생 선발(대학원),No.1722,학생지원팀,2022-05-09,조회수818
2022학년도 농협재단 미래 농업 인재 장학생 선발(대학원),No.1721,학생지원팀,2022-04-29,조회수2754
2022학년도 농협재단 미래 농업 인재 장학생 선발(대학원),No.1720,학생지원팀,2022-04-27,조회수2884
2022학년도 농협재단 미래 농업 인재 장학생 선발(대학원),No.1719,학생지원팀,2022-04-27,조회수753
2022학년도 농협재단 미래 농업 인재 장학생 선발(대학원),No.1718,이주헌,2022-04-22,조회수4279
2022학년도 농협재단 미래 농업 인재 장학생 선발(대학원),No.1717,학생지원팀,2022-04-18,조회수1528
